rank, name, language, created_at, url 
1,AlgorithmiqueL2,Java,2019-02-27T00:17:19Z,SanteauX/AlgorithmiqueL2
2,BusinessDataScience,None,2020-03-01T01:47:37Z,SanteauX/BusinessDataScience
3,Chaos-Equations,None,2020-01-26T03:47:47Z,SanteauX/Chaos-Equations
4,CollegeMajorsVisualisation,None,2020-03-05T06:18:15Z,SanteauX/CollegeMajorsVisualisation
5,coronavirus,None,2020-03-18T17:54:09Z,SanteauX/coronavirus
6,ECON422_R_Project,R,2020-02-16T22:38:46Z,SanteauX/ECON422_R_Project
7,FlaskTemplate,HTML,2020-03-15T06:43:33Z,SanteauX/FlaskTemplate
8,ForkedBooks,None,2020-02-11T17:15:45Z,SanteauX/ForkedBooks
9,GameOfLife,None,2020-02-25T07:24:41Z,SanteauX/GameOfLife
10,GraphTheoryProject_Autoroutes,None,2020-01-23T06:53:37Z,SanteauX/GraphTheoryProject_Autoroutes
11,histDataCmcJava,Java,2020-01-19T05:22:22Z,SanteauX/histDataCmcJava
12,histDataCmcR,None,2020-01-23T07:14:11Z,SanteauX/histDataCmcR
13,LeboncoinReact,JavaScript,2018-07-17T09:56:02Z,SanteauX/LeboncoinReact
14,motus,JavaScript,2018-06-22T08:26:42Z,SanteauX/motus
15,ProjetL2GraphesRoutes,Java,2019-05-29T21:46:28Z,SanteauX/ProjetL2GraphesRoutes
16,PythonCSVparser,Python,2020-03-09T06:11:25Z,SanteauX/PythonCSVparser
17,Rcourse,R,2020-01-14T07:06:04Z,SanteauX/Rcourse
18,twitter-followers,R,2018-11-25T21:17:13Z,SanteauX/twitter-followers
19,YahooFinanceMarketData,None,2020-03-08T03:14:37Z,SanteauX/YahooFinanceMarketData
